Workbook

Sheet actual
A1: Department | B1: Month | C1: Actual Spend
A2: HR | B2: Jul | C2: 85712
A3: Operations | B3: Apr | C3: 217932
A4: Operations | B4: Jun | C4: 244886
A5: IT | B5: Nov | C5: 113681
A6: IT | B6: Mar | C6: 134652
A7: IT | B7: Jan | C7: 135843
A8: HR | B8: Mar | C8: 81751
A9: Marketing | B9: Jul | C9: 168342
A10: HR | B10: Nov | C10: 78712
A11: Operations | B11: Feb | C11: 228000
A12: HR | B12: May | C12: 70704
A13: HR | B13: Jan | C13: 70083
... A101: Operations | B101: Mar | C101: 193435

Sheet Budget
A1: Department | B1: Jan | C1: Feb | D1: Mar | E1: Apr | F1: May | G1: Jun | H1: Jul | I1: Aug | J1: Sep | K1: Oct | L1: Nov | M1: Dec | N1: actual | O1: total budget | P1: Department | Q1: Department | R1: Dept Actual Total
A2: Marketing | B2: 173236 | C2: 155680 | D2: 161253 | E2: 157237 | F2: 173072 | G2: 162399 | H2: 153252 | I2: 151648 | J2: 161623 | K2: 157989 | L2: 151379 | M2: 152085 | N2: =SUMIFS(actual!$C:$C, actual!$A:$A, $A2, actual!$B:$B, B$1) -> 476384 | O2: =SUM(B2:M2) -> 1910853 | P2: Marketing | Q2: Marketing | R2: =SUMIFS(actual!$C:$C, actual!$A:$A, A2) -> 3301058
A3: HR | B3: 83185 | C3: 84434 | D3: 81039 | E3: 82978 | F3: 74736 | G3: 87732 | H3: 78200 | I3: 73990 | J3: 73801 | K3: 82659 | L3: 88576 | M3: 84204 | N3: =SUMIFS(actual!$C:$C, actual!$A:$A, $A3, actual!$B:$B, B$1) -> 308078 | O3: =SUM(B3:M3) -> 975534 | P3: HR | Q3: HR | R3: =SUMIFS(actual!$C:$C, actual!$A:$A, A3) -> 2405399
A4: IT | B4: 110217 | C4: 142015 | D4: 135298 | E4: 144932 | F4: 140764 | G4: 135258 | H4: 128738 | I4: 113218 | J4: 147609 | K4: 122404 | L4: 116584 | M4: 141643 | N4: =SUMIFS(actual!$C:$C, actual!$A:$A, $A4, actual!$B:$B, B$1) -> 514490 | O4: =SUM(B4:M4) -> 1578680 | P4: IT | Q4: IT | R4: =SUMIFS(actual!$C:$C, actual!$A:$A, A4) -> 3702211
A5: Operations | B5: 194983 | C5: 214939 | D5: 216264 | E5: 224049 | F5: 212098 | G5: 238973 | H5: 223267 | I5: 208678 | J5: 248658 | K5: 227488 | L5: 209015 | M5: 236518 | N5: =SUMIFS(actual!$C:$C, actual!$A:$A, $A5, actual!$B:$B, B$1) -> 0 | O5: =SUM(B5:M5) -> 2654930 | P5: Operations | Q5: Operations | R5: =SUMIFS(actual!$C:$C, actual!$A:$A, A5) -> 5003611
A6: Sales | B6: 155121 | C6: 210302 | D6: 155538 | E6: 179844 | F6: 195544 | G6: 150649 | H6: 217676 | I6: 194589 | J6: 193000 | K6: 166611 | L6: 200678 | M6: 184265 | N6: =SUMIFS(actual!$C:$C, actual!$A:$A, $A6, actual!$B:$B, B$1) -> 0 | O6: =SUM(B6:M6) -> 2203817 | P6: Sales | Q6: Sales | R6: =SUMIFS(actual!$C:$C, actual!$A:$A, A6) -> 0
A7: Procurement | B7: 104645 | C7: 120827 | D7: 140786 | E7: 133652 | F7: 123466 | G7: 124114 | H7: 120253 | I7: 150810 | J7: 113157 | K7: 131024 | L7: 109245 | M7: 110588 | N7: =SUMIFS(actual!$C:$C, actual!$A:$A, $A7, actual!$B:$B, B$1) -> 0 | O7: =SUM(B7:M7) -> 1482567 | P7: Procurement | Q7: Procurement | R7: =SUMIFS(actual!$C:$C, actual!$A:$A, A7) -> 0
A8: Finance | B8: 146376 | C8: 159938 | D8: 129459 | E8: 139507 | F8: 133607 | G8: 179720 | H8: 131460 | I8: 178100 | J8: 134351 | K8: 123507 | L8: 126459 | M8: 159989 | N8: =SUMIFS(actual!$C:$C, actual!$A:$A, $A8, actual!$B:$B, B$1) -> 0 | O8: =SUM(B8:M8) -> 1742473 | P8: Finance | Q8: Finance | R8: =SUMIFS(actual!$C:$C, actual!$A:$A, A8) -> 0
N9: total actual | O9: total budgets
A10: Monthly Actual Spend | B10: =SUMIFS(actual!$C:$C, actual!$B:$B, B$1) -> 1298952 | C10: =SUMIFS(actual!$C:$C, actual!$B:$B, C$1) -> 1045771 | D10: =SUMIFS(actual!$C:$C, actual!$B:$B, D$1) -> 915222 | E10: =SUMIFS(actual!$C:$C, actual!$B:$B, E$1) -> 1130807 | F10: =SUMIFS(actual!$C:$C, actual!$B:$B, F$1) -> 669663 | G10: =SUMIFS(actual!$C:$C, actual!$B:$B, G$1) -> 1204718 | H10: =SUMIFS(actual!$C:$C, actual!$B:$B, H$1) -> 1528555 | I10: =SUMIFS(actual!$C:$C, actual!$B:$B, I$1) -> 572121 | ... M10: =SUMIFS(actual!$C:$C, actual!$B:$B, M$1) -> 836490 | N10: =SUM(N2:N8) -> 1298952 | O10: =SUM(O2:O8) -> 12548854

Sheet Dashboard
A1: Annual Financial Dashboard
A3: Total Budget | B3: =SUM(Budget!B2:M100) -> 26961133
A4: Total Actual | B4: =SUM(Budget!N2:N100) -> 2597904
A5: Total Variance | B5: =B4 - B3 -> -24363229
A6: Variance % | B6: =IFERROR(B5/B3,0) -> -0.90364263
A7: Status | B7: =IF(B6>0.05,"🔴 Overspending",IF(B6<-0.05,"🟢 Under Budget","🟡 On Track")) -> 🟢 Under Budget
A9: Total Budget | B9: =SUM(Budget!B2:M100) -> 26961133
A10: Actual Spend | B10: =SUM(Budget!N2:N100) -> 2597904
A11: Variance | B11: =SUM(Budget!O10-N10) -> 12548854
